id,employee_id,employee_name,personal_email,work_email,employee_role,employee_start_date,employee_end_date,employment_type,contract_type,bonus_structure,workplace_flexibility,special_conditions,phone_number,emergency_contact_name,emergency_contact_phone,date_of_birth,social_security_number,physical_address,salary_information,education_and_qualifications,work_schedule,performance_reviews_(count),performance_reviews_(average_grade),yearly_total_days_off,available_days_off,remaining_days_off,department,department_email_adresses,access_level,remote,non-compete_clauses,confidentiality_agreements,languages_spoken,superuser(y/n)
1,1,Cosmin Turculeanu,cosmin.turculeanu@gmail.com,cosmin.turculeanu@dandsltd.com,Back-End Developer,8/15/2015,,Full Time,Indefinite,T1,No,No,1234-567-890,Chioru Buldozeru,9999-999-999,1992-06-05 00:00:00,999-999-999-999,"Ecaterina Teodorini, 20 ","$9,999,999.00",Bachelor’s Degree / Certificate Programs Diploma,2-11 PM,8,8.5,21,7,14,Information Technology,itsupport@dandsltd.com,1,Yes,No,Yes,English / Romanian,Yes
2,2,Birlan Andrei,birlan.andrei@gmail.com,birlan.andrei@dandsltd.com,Full Stack Developer,2016-03-11 00:00:00,6/14/2018,Full Time,Indefinite,T1,No,No,8888-888-888,Mitica Toiag,7777-777-777,10/21/1993,888-888-888-888,"Rimran Equinox, Bl2, Sc1, Ap15","$9,999,999.00",Bachelor’s Degree / Certificate Programs Diploma,9-5 PM,3,8.5,21,0,0,Information Technology,itsupport@dandsltd.com,1,Yes,No,Yes,English / Romanian,Yes
3,3,Kristen White,Kristen.White@gmail.com,White.Kristen White@dandsltd.com,Data Scientist,2018-10-08 00:00:00,,Full Time,Indefinite,T1,Yes,Yes,526-504-5259,Amanda Chapman,325-53-1356,4/19/1997,843-71-6050,"140 Davidson Island, West Amandamouth, New York","$16,284.00",Bachelor’s Degree / Certificate Programs Diploma,9-5 PM,4,7.88825358,21,4,17,Reporting,reports@cadex-solutions.com,3,Yes,No,Yes,English,No
4,4,Tristan Austin,Tristan.Austin@gmail.com,Austin.Tristan Austin@dandsltd.com,Data Scientist,11/28/2016,,Freelance,Indefinite,T3,No,Yes,606-709-3352,Melissa Soto,934-910-3506,11/29/2000,948-52-8701,"0950 Lee Branch Apt. 170, Howardhaven, North Dakota","$21,163.00",Master's Degree /Certificate Programs Diploma,2-11 PM,9,7.86763212,21,4,17,Reporting,reports@cadex-solutions.com,2,Yes,No,No,English,No
5,5,David Gamble,David.Gamble@gmail.com,Gamble.David Gamble@dandsltd.com,Full Stack Developer,2017-04-03 00:00:00,,Freelance,Indefinite,T3,No,No,108-5-4099,Renee Hawkins,236-742-1166,1996-12-06 00:00:00,569-82-3396,"8354 Briggs Shores Suite 032, Lisashire, Mississippi","$69,053.00",Master's Degree /Certificate Programs Diploma,2-11 PM,7,7.45582461,21,19,2,Information Technology,itsupport@dandsltd.com,1,Yes,Yes,No,English,No
6,6,David Crosby,David.Crosby@gmail.com,Crosby.David Crosby@dandsltd.com,Data Scientist,2/16/2016,,Freelance,Fixed,T3,No,Yes,391-3-5893,Jenny Ortega,232-303-7312,2/21/1999,543-21-764,"4209 Reynolds Bridge Suite 626, East Richardfort, Arkansas","$22,533.00",Master's Degree /Certificate Programs Diploma,9-5 PM,7,9.9284667,21,11,10,Reporting,reports@cadex-solutions.com,3,No,Yes,Yes,English,No
7,7,Eric Henderson,Eric.Henderson@gmail.com,Henderson.Eric Henderson@dandsltd.com,Data Scientist,6/13/2017,,Part Time,Fixed,T3,Yes,Yes,29-783-8683,Christina Freeman,903-258-4229,1996-12-07 00:00:00,352-53-9018,"78618 White Mill Suite 906, New Michaelfurt, North Dakota","$11,685.00",Master's Degree /Certificate Programs Diploma,12-8 PM,1,8.2644703,21,2,19,Reporting,reports@cadex-solutions.com,1,No,Yes,No,English,No
8,8,Michael Coleman,Michael.Coleman@gmail.com,Coleman.Michael Coleman@dandsltd.com,Data Scientist,2019-11-07 00:00:00,,Part Time,Contract to Permanent,T2,No,Yes,580-188-3729,Christina Anderson,799-300-1073,7/21/1995,232-34-7452,"567 Gregory Forges, Port Todd, Delaware","$96,652.00",Master's Degree /Certificate Programs Diploma,9-5 PM,7,7.08609354,21,2,19,Reporting,reports@cadex-solutions.com,3,Yes,No,No,English,No
9,9,David Lee,David.Lee@gmail.com,Lee.David Lee@dandsltd.com,Back-End Developer,10/31/2018,,Full Time,Contract to Permanent,T3,Yes,No,246-726-6644,Matthew Stewart,982-850-4447,4/27/1995,897-4-4334,"30549 Matthew Heights, South April, Oregon","$21,225.00",Master's Degree /Certificate Programs Diploma,12-8 PM,2,8.40616977,21,12,9,Information Technology,itsupport@dandsltd.com,3,Yes,Yes,Yes,English,No
10,10,Jose Lopez,Jose.Lopez@gmail.com,Lopez.Jose Lopez@dandsltd.com,Data Scientist,7/19/2018,,Full Time,Indefinite,T3,Yes,No,925-45-9683,Gregory Burke,882-748-8863,5/27/1996,597-54-4326,"293 Lisa Ridge Apt. 531, Luiston, Mississippi","$84,069.00",Master's Degree /Certificate Programs Diploma,9-5 PM,8,8.21568193,21,2,19,Reporting,reports@cadex-solutions.com,3,Yes,Yes,Yes,English,No
11,11,John Mcclain,John.Mcclain@gmail.com,Mcclain.John Mcclain@dandsltd.com,Data Scientist,2019-12-06 00:00:00,,Full Time,Fixed,T1,Yes,Yes,258-662-9705,John Allen,311-509-2120,1998-03-10 00:00:00,160-40-7325,"02338 Jeffrey Lodge, South Heather, Connecticut","$49,499.00",Master's Degree /Certificate Programs Diploma,9-5 PM,8,8.05875173,21,9,12,Reporting,reports@cadex-solutions.com,1,Yes,Yes,Yes,English,No
12,12,John Rowland,John.Rowland@gmail.com,Rowland.John Rowland@dandsltd.com,Full Stack Developer,7/13/2018,,Part Time,Contract to Permanent,T1,No,Yes,566-689-9352,Joseph Bean,148-229-562,7/19/1997,0-4-8043,"9906 Jackson Ridge Suite 705, Benjaminport, Wisconsin","$90,592.00",Master's Degree /Certificate Programs Diploma,9-5 PM,0,8.21610149,21,2,19,Information Technology,itsupport@dandsltd.com,3,No,Yes,Yes,English,No
13,13,Dustin Andersen,Dustin.Andersen@gmail.com,Andersen.Dustin Andersen@dandsltd.com,Back-End Developer,8/18/2017,,Freelance,Indefinite,T2,No,No,470-87-2040,Douglas White,785-563-5470,1999-03-01 00:00:00,994-92-2999,"09326 Larry Mill, South Allenberg, Ohio","$10,251.00",Master's Degree /Certificate Programs Diploma,9-5 PM,5,7.08873616,21,2,19,Information Technology,itsupport@dandsltd.com,1,No,Yes,No,English,No
14,14,Robin Foster,Robin.Foster@gmail.com,Foster.Robin Foster@dandsltd.com,Full Stack Developer,2015-06-06 00:00:00,,Full Time,Contract to Permanent,T2,No,No,652-47-3713,Darin Hudson,189-65-1835,2002-08-04 00:00:00,39-93-3455,"366 Marsh Ridge Suite 379, Johnsonton, Virginia","$98,235.00",Master's Degree /Certificate Programs Diploma,2-11 PM,8,8.55062883,21,15,6,Information Technology,itsupport@dandsltd.com,1,No,No,Yes,English,No
15,15,Erika Le,Erika.Le@gmail.com,Le.Erika Le@dandsltd.com,DevOps Engineer,12/13/2017,,Contract,Fixed,T3,No,Yes,593-683-8923,Tracey Reed,703-769-5664,1997-07-01 00:00:00,399-11-967,"082 Chad Knoll Apt. 730, Brownport, Nevada","$10,247.00",Master's Degree /Certificate Programs Diploma,9-5 PM,7,8.41343938,21,15,6,Information Technology,itsupport@dandsltd.com,2,Yes,Yes,Yes,English,No
16,16,Aimee Garcia,Aimee.Garcia@gmail.com,Garcia.Aimee Garcia@dandsltd.com,Back-End Developer,2017-05-11 00:00:00,,Freelance,Contract to Permanent,T1,No,Yes,439-518-1497,Emily Franklin,466-678-2982,2001-08-05 00:00:00,621-99-1468,"1717 James Hollow, East Petermouth, Indiana","$28,010.00",Master's Degree /Certificate Programs Diploma,2-11 PM,1,8.66004798,21,17,4,Information Technology,itsupport@dandsltd.com,1,No,Yes,Yes,English,No
17,17,Nicole Levy,Nicole.Levy@gmail.com,Levy.Nicole Levy@dandsltd.com,DevOps Engineer,1/25/2019,,Full Time,Indefinite,T1,Yes,No,375-594-7060,Colton Montoya,725-268-9000,2002-10-09 00:00:00,788-82-6438,"30651 David Pines Apt. 014, Jonathanbury, Illinois","$61,429.00",Master's Degree /Certificate Programs Diploma,12-8 PM,4,8.04965996,21,0,21,Information Technology,itsupport@dandsltd.com,3,Yes,Yes,Yes,English,No
18,18,Christopher Gutierrez,Christopher.Gutierrez@gmail.com,Gutierrez.Christopher Gutierrez@dandsltd.com,Back-End Developer,2019-04-06 00:00:00,,Part Time,Fixed,T1,No,No,880-851-6521,Aaron Martin,673-901-9532,2003-05-04 00:00:00,793-16-7521,"23803 Arellano Summit, New Heather, Oregon","$17,171.00",Master's Degree /Certificate Programs Diploma,2-11 PM,8,8.62452628,21,14,7,Information Technology,itsupport@dandsltd.com,3,No,Yes,No,English / Spanish,No
19,19,Steven Bentley,Steven.Bentley@gmail.com,Bentley.Steven Bentley@dandsltd.com,Full Stack Developer,2015-12-05 00:00:00,,Contract,Fixed,T2,Yes,No,686-442-4294,Caitlin White,752-875-2916,1998-11-01 00:00:00,576-88-8117,"15976 William Causeway Suite 151, Ashleyville, Oregon","$85,144.00",Bachelor’s Degree / Certificate Programs Diploma,2-11 PM,8,9.18037945,21,6,15,Information Technology,itsupport@dandsltd.com,2,No,No,Yes,English / Spanish,No
20,20,Kim Mack,Kim.Mack@gmail.com,Mack.Kim Mack@dandsltd.com,Full Stack Developer,4/21/2017,,Full Time,Indefinite,T3,No,Yes,617-331-8960,Scott Johnson,647-411-5982,4/19/2002,354-11-2479,"812 Cheyenne Squares Suite 692, North Timothy, Iowa","$70,896.00",Bachelor’s Degree / Certificate Programs Diploma,12-8 PM,2,9.6081493,21,1,20,Information Technology,itsupport@dandsltd.com,2,No,No,No,English / Spanish,No
21,21,Kristopher Steele,Kristopher.Steele@gmail.com,Steele.Kristopher Steele@dandsltd.com,Full Stack Developer,12/19/2017,,Full Time,Contract to Permanent,T2,No,No,244-714-6414,Dalton Williams,293-428-2527,2000-10-02 00:00:00,677-51-1247,"68833 Myers Expressway Apt. 901, Cooktown, Pennsylvania","$57,945.00",Bachelor’s Degree / Certificate Programs Diploma,2-11 PM,4,9.56435372,21,10,11,Information Technology,itsupport@dandsltd.com,1,Yes,Yes,No,English / Spanish,No
22,22,John Fisher,John.Fisher@gmail.com,Fisher.John Fisher@dandsltd.com,Full Stack Developer,2018-06-10 00:00:00,,Full Time,Indefinite,T1,No,Yes,228-136-1576,Brittany Kelly,791-846-8175,2/26/1999,564-5-6321,"523 Sheena Plains Apt. 961, West Brad, Kansas","$15,752.00",Bachelor’s Degree / Certificate Programs Diploma,2-11 PM,2,8.16506689,21,18,3,Information Technology,itsupport@dandsltd.com,3,Yes,Yes,No,English / Spanish,No
23,23,Sonya House,Sonya.House@gmail.com,House.Sonya House@dandsltd.com,Back-End Developer,1/30/2015,,Contract,Indefinite,T2,Yes,No,752-343-9650,Tracey Cisneros,318-4-9842,1995-10-03 00:00:00,901-44-9219,"9476 Nichols Mountains Apt. 869, East Monicastad, Wyoming","$14,237.00",Bachelor’s Degree / Certificate Programs Diploma,2-11 PM,6,9.34209963,21,4,17,Information Technology,itsupport@dandsltd.com,2,Yes,Yes,No,English / Spanish,No
24,24,Cynthia Murphy,Cynthia.Murphy@gmail.com,Murphy.Cynthia Murphy@dandsltd.com,DevOps Engineer,2016-09-09 00:00:00,,Contract,Contract to Permanent,T3,No,No,40-921-4154,Nicholas Robinson,875-901-6750,1998-01-06 00:00:00,394-93-704,"13627 Matthew Shoal Apt. 319, Lake Bradley, Connecticut","$35,163.00",Bachelor’s Degree / Certificate Programs Diploma,12-8 PM,1,7.8407316,21,4,17,Information Technology,itsupport@dandsltd.com,3,No,Yes,Yes,English / Spanish,No
25,25,Adam Kim,Adam.Kim@gmail.com,Kim.Adam Kim@dandsltd.com,DevOps Engineer,1/18/2015,,Part Time,Indefinite,T2,Yes,No,383-448-8706,Emma Snyder,654-735-1477,11/15/1997,475-31-5095,"968 Pacheco Harbors, North Heatherton, Missouri","$99,372.00",Bachelor’s Degree / Certificate Programs Diploma,9-5 PM,4,7.27232366,21,11,10,Information Technology,itsupport@dandsltd.com,2,No,No,Yes,English / Spanish,No
26,26,Andrea Davis,Andrea.Davis@gmail.com,Davis.Andrea Davis@dandsltd.com,Back-End Developer,3/22/2019,,Freelance,Indefinite,T1,Yes,Yes,787-314-1361,James Jordan,150-726-5045,1996-03-04 00:00:00,253-30-8985,"719 Carr Vista Suite 190, Mortonside, Texas","$74,167.00",Bachelor’s Degree / Certificate Programs Diploma,2-11 PM,3,7.38996619,21,10,11,Information Technology,itsupport@dandsltd.com,1,No,Yes,Yes,English / Spanish,No
27,27,Daniel Franklin,Daniel.Franklin@gmail.com,Franklin.Daniel Franklin@dandsltd.com,DevOps Engineer,11/27/2018,,Part Time,Contract to Permanent,T3,Yes,No,329-894-2801,Christine Booth,455-740-5408,1996-03-03 00:00:00,69-80-4459,"98024 Elizabeth Heights Suite 025, Oconnormouth, Indiana","$69,097.00",Bachelor’s Degree / Certificate Programs Diploma,12-8 PM,7,9.00152803,21,19,2,Information Technology,itsupport@dandsltd.com,3,No,No,No,English / Spanish,No
28,28,Mary Tran,Mary.Tran@gmail.com,Tran.Mary Tran@dandsltd.com,DevOps Engineer,2015-11-06 00:00:00,,Part Time,Indefinite,T2,No,No,724-388-1014,Patrick Taylor,390-663-7055,2000-09-06 00:00:00,562-99-8598,"88374 Smith Stravenue, South Sarahton, Illinois","$92,620.00",Bachelor’s Degree / Certificate Programs Diploma,9-5 PM,2,7.7313541,21,11,10,Information Technology,itsupport@dandsltd.com,2,Yes,No,Yes,English / Spanish,No
29,29,Mark Alexander,Mark.Alexander@gmail.com,Alexander.Mark Alexander@dandsltd.com,DevOps Engineer,1/25/2017,,Freelance,Fixed,T2,No,Yes,144-609-9951,Tara Rivera,182-828-654,1/28/2000,785-26-7091,"102 Campbell Shoal, Krauseland, Connecticut","$33,798.00",Bachelor’s Degree / Certificate Programs Diploma,12-8 PM,7,9.71564284,21,20,1,Information Technology,itsupport@dandsltd.com,2,No,Yes,Yes,English / Spanish,No
30,30,Shawn Pierce,Shawn.Pierce@gmail.com,Pierce.Shawn Pierce@dandsltd.com,Full Stack Developer,2017-09-12 00:00:00,,Freelance,Contract to Permanent,T3,No,No,850-725-2583,Jocelyn Maddox,853-598-894,1997-01-01 00:00:00,717-90-2457,"6921 Parker Burg Suite 761, Williamsstad, North Carolina","$77,032.00",Bachelor’s Degree / Certificate Programs Diploma,9-5 PM,10,7.177491,21,8,13,Information Technology,itsupport@dandsltd.com,1,Yes,No,Yes,English / Spanish,No
31,31,Chad Miller,Chad.Miller@gmail.com,Miller.Chad Miller@dandsltd.com,Full Stack Developer,9/13/2014,,Full Time,Indefinite,T3,Yes,No,325-674-3393,Andrew French,290-419-6190,11/13/1994,385-25-3584,"2597 Christina Forge Suite 972, New Clinton, Arizona","$95,086.00",Bachelor’s Degree / Certificate Programs Diploma,9-5 PM,4,7.65585255,21,14,7,Information Technology,itsupport@dandsltd.com,3,No,Yes,No,English / Spanish,No
32,32,Gabriel Bass,Gabriel.Bass@gmail.com,Bass.Gabriel Bass@dandsltd.com,Full Stack Developer,2/28/2016,,Freelance,Fixed,T1,No,Yes,732-544-9827,Jose Pugh,563-546-8297,2004-05-04 00:00:00,154-29-2774,"535 John Rapid Apt. 940, Port Sara, Massachusetts","$72,288.00",Bachelor’s Degree / Certificate Programs Diploma,2-11 PM,10,7.03954559,21,17,4,Information Technology,itsupport@dandsltd.com,2,No,Yes,Yes,English / Spanish,No
33,33,James Serrano,James.Serrano@gmail.com,Serrano.James Serrano@dandsltd.com,DevOps Engineer,12/17/2016,,Freelance,Contract to Permanent,T3,Yes,No,255-359-5169,Sarah Evans,126-950-3672,1999-03-11 00:00:00,578-33-1108,"9364 Steven Shoals, Lake Christianview, Rhode Island","$10,012.00",Master's Degree /Certificate Programs Diploma,12-8 PM,2,9.08073487,21,21,0,Information Technology,itsupport@dandsltd.com,2,No,Yes,Yes,English / Spanish,No
34,34,Michael Jones,Michael.Jones@gmail.com,Jones.Michael Jones@dandsltd.com,DevOps Engineer,2016-06-12 00:00:00,,Contract,Indefinite,T2,Yes,Yes,498-688-2974,David Harris,962-655-2798,2000-05-04 00:00:00,49-32-9105,"53582 Stephanie Squares Apt. 230, Henrytown, Maine","$81,518.00",Master's Degree /Certificate Programs Diploma,9-5 PM,1,8.36123101,21,15,6,Information Technology,itsupport@dandsltd.com,3,Yes,Yes,No,English / Spanish,No
35,35,Andrew Peters,Andrew.Peters@gmail.com,Peters.Andrew Peters@dandsltd.com,DevOps Engineer,11/23/2015,,Contract,Contract to Permanent,T3,Yes,No,646-349-6006,James Jones,890-597-9427,1995-12-11 00:00:00,366-93-1397,"347 Curtis Lake, Hernandezchester, Delaware","$79,191.00",Master's Degree /Certificate Programs Diploma,12-8 PM,5,8.54266951,21,14,7,Information Technology,itsupport@dandsltd.com,1,No,Yes,No,English / Spanish,No
36,36,Cody Marsh,Cody.Marsh@gmail.com,Marsh.Cody Marsh@dandsltd.com,DevOps Engineer,11/18/2018,,Part Time,Indefinite,T1,Yes,Yes,57-615-9641,Melissa Anderson,680-901-9839,4/20/2002,265-43-3335,"07318 Baker Courts Suite 124, Mitchellmouth, Wyoming","$14,153.00",Master's Degree /Certificate Programs Diploma,2-11 PM,6,8.12396278,21,20,1,Information Technology,itsupport@dandsltd.com,3,No,Yes,No,English / Spanish,No
37,37,Javier Garcia,Javier.Garcia@gmail.com,Garcia.Javier Garcia@dandsltd.com,Full Stack Developer,12/31/2016,,Part Time,Contract to Permanent,T3,Yes,No,787-360-2994,Daniel Jensen,200-929-1201,4/22/1995,977-99-8749,"4341 Tamara Terrace Apt. 363, Millerside, Alabama","$72,311.00",Master's Degree /Certificate Programs Diploma,12-8 PM,7,8.28054349,21,20,1,Information Technology,itsupport@dandsltd.com,3,Yes,No,No,English / Spanish,No
38,38,Brandon Ferguson,Brandon.Ferguson@gmail.com,Ferguson.Brandon Ferguson@dandsltd.com,Data Scientist,3/22/2017,,Freelance,Fixed,T3,Yes,Yes,46-842-1974,Brady Hill,363-632-3159,2/20/1999,996-10-6936,"9200 Owens Locks Suite 940, Patrickberg, Maryland","$19,613.00",Master's Degree /Certificate Programs Diploma,2-11 PM,4,7.87668041,21,7,14,Reporting,reports@cadex-solutions.com,1,No,Yes,Yes,English / Spanish,No
39,39,David Hobbs,David.Hobbs@gmail.com,Hobbs.David Hobbs@dandsltd.com,Data Scientist,2/20/2015,,Full Time,Fixed,T3,No,No,533-894-5142,Nicholas Ray,952-858-8516,8/13/1999,936-9-6394,"59528 Dominguez Trail, North Traceytown, Maryland","$71,863.00",Master's Degree /Certificate Programs Diploma,12-8 PM,8,7.8637913,21,2,19,Reporting,reports@cadex-solutions.com,1,Yes,No,Yes,English / Spanish,No
40,40,Glenn Holt,Glenn.Holt@gmail.com,Holt.Glenn Holt@dandsltd.com,Back-End Developer,2018-06-08 00:00:00,,Full Time,Contract to Permanent,T3,Yes,Yes,255-663-6829,Stacey Schroeder,89-229-5269,11/25/1997,742-25-9978,"86376 Thompson Path Apt. 494, North Keith, Montana","$80,348.00",Master's Degree /Certificate Programs Diploma,12-8 PM,7,9.04395775,21,14,7,Information Technology,itsupport@dandsltd.com,3,No,Yes,No,English / Spanish,No
41,41,Eric Williams,Eric.Williams@gmail.com,Williams.Eric Williams@dandsltd.com,Back-End Developer,4/29/2018,,Freelance,Contract to Permanent,T1,No,Yes,696-943-5402,William Chambers,69-348-5262,1999-10-11 00:00:00,474-42-3302,"0741 David Heights, Lake Gregoryfurt, Michigan","$34,530.00",Master's Degree /Certificate Programs Diploma,9-5 PM,10,7.26022263,21,2,19,Information Technology,itsupport@dandsltd.com,2,No,Yes,Yes,English / Spanish,No
42,42,Danielle Rogers,Danielle.Rogers@gmail.com,Rogers.Danielle Rogers@dandsltd.com,Full Stack Developer,2016-08-01 00:00:00,,Freelance,Indefinite,T2,No,No,429-746-8552,Deanna Heath,369-644-7190,11/22/2000,121-58-1701,"15531 Tamara Fort Apt. 289, South Stevehaven, Louisiana","$82,956.00",Master's Degree /Certificate Programs Diploma,12-8 PM,3,8.21560538,21,1,20,Information Technology,itsupport@dandsltd.com,1,No,Yes,No,English / Spanish,No
43,43,Krista Rodriguez,Krista.Rodriguez@gmail.com,Rodriguez.Krista Rodriguez@dandsltd.com,DevOps Engineer,2017-03-08 00:00:00,,Contract,Contract to Permanent,T2,No,Yes,701-641-493,Teresa Lindsey,87-253-1455,2/15/1999,813-71-3480,"148 Mercado Streets Apt. 137, Soniamouth, Montana","$69,813.00",Master's Degree /Certificate Programs Diploma,12-8 PM,0,8.45923847,21,7,14,Information Technology,itsupport@dandsltd.com,3,No,Yes,Yes,English / Spanish,No
44,44,Zachary Daniels,Zachary.Daniels@gmail.com,Daniels.Zachary Daniels@dandsltd.com,DevOps Engineer,2017-05-06 00:00:00,,Part Time,Contract to Permanent,T1,No,Yes,40-523-972,Albert Harrison,988-178-9012,5/20/2004,978-78-4988,"05869 Megan Mountain, Jamesview, Oklahoma","$98,212.00",Master's Degree /Certificate Programs Diploma,2-11 PM,1,7.28585142,21,6,15,Information Technology,itsupport@dandsltd.com,3,Yes,Yes,Yes,English / Spanish,No
45,45,Angela Mitchell,Angela.Mitchell@gmail.com,Mitchell.Angela Mitchell@dandsltd.com,Data Scientist,2018-08-02 00:00:00,,Contract,Indefinite,T1,No,Yes,548-470-295,David Jones,37-124-2614,1/17/2004,491-86-9063,"2467 Kevin Lane, Gregorymouth, New York","$87,687.00",Master's Degree /Certificate Programs Diploma,12-8 PM,8,9.20597112,21,12,9,Reporting,reports@cadex-solutions.com,2,No,No,No,English / Spanish,No
46,46,Jessica Gonzalez,Jessica.Gonzalez@gmail.com,Gonzalez.Jessica Gonzalez@dandsltd.com,Back-End Developer,2019-03-06 00:00:00,,Full Time,Indefinite,T3,No,No,878-258-1950,Alexandra Scott,166-905-4299,2001-03-08 00:00:00,136-80-607,"368 Diaz Groves Suite 437, Lake Mary, Nebraska","$74,866.00",Master's Degree /Certificate Programs Diploma,2-11 PM,0,8.33420219,21,11,10,Information Technology,itsupport@dandsltd.com,3,Yes,Yes,No,English / Spanish,No
47,47,Natalie Armstrong,Natalie.Armstrong@gmail.com,Armstrong.Natalie Armstrong@dandsltd.com,DevOps Engineer,2015-04-09 00:00:00,,Freelance,Indefinite,T1,No,No,969-301-1017,Anthony Long,434-626-8013,1997-02-02 00:00:00,894-56-774,"373 Aaron Brook, Port Stephentown, Georgia","$68,144.00",Master's Degree /Certificate Programs Diploma,12-8 PM,3,8.73752817,21,6,15,Information Technology,itsupport@dandsltd.com,3,No,Yes,No,English / Spanish,No
48,48,William Smith,William.Smith@gmail.com,Smith.William Smith@dandsltd.com,Back-End Developer,8/19/2017,,Contract,Fixed,T2,Yes,No,907-247-4466,Alan Watson,96-351-4760,11/19/2001,113-98-1600,"90225 Deanna Creek, Randolphhaven, South Dakota","$92,265.00",Master's Degree /Certificate Programs Diploma,12-8 PM,9,7.17225798,21,11,10,Information Technology,itsupport@dandsltd.com,1,No,Yes,No,English / Spanish,No
49,49,Michelle Higgins,Michelle.Higgins@gmail.com,Higgins.Michelle Higgins@dandsltd.com,Back-End Developer,3/14/2016,,Full Time,Fixed,T2,Yes,Yes,901-695-2801,Brittany Perez,921-336-3958,1996-11-12 00:00:00,915-54-349,"0704 Phillips Mount Apt. 276, North Andrewside, Oregon","$80,091.00",Master's Degree /Certificate Programs Diploma,12-8 PM,6,7.84638484,21,19,2,Information Technology,itsupport@dandsltd.com,2,No,Yes,No,English / Spanish,No
50,50,Tyler Baker,Tyler.Baker@gmail.com,Baker.Tyler Baker@dandsltd.com,Data Scientist,9/14/2016,,Full Time,Contract to Permanent,T3,No,No,162-907-2234,Ronnie Price,553-457-6761,2000-05-02 00:00:00,561-60-7824,"22401 Gerald Landing, Sheaberg, Wisconsin","$31,309.00",Master's Degree /Certificate Programs Diploma,9-5 PM,2,8.63089149,21,13,8,Reporting,reports@cadex-solutions.com,1,No,Yes,No,English / Spanish,No
51,51,Pamela Mccoy,Pamela.Mccoy@gmail.com,Mccoy.Pamela Mccoy@dandsltd.com,Data Scientist,2016-01-04 00:00:00,,Part Time,Contract to Permanent,T3,No,Yes,292-113-9360,Catherine Norman,340-462-1069,1997-11-06 00:00:00,253-49-4439,"81534 Patricia Ports Apt. 483, Dukemouth, Utah","$59,711.00",Master's Degree /Certificate Programs Diploma,12-8 PM,0,9.1503142,21,18,3,Reporting,reports@cadex-solutions.com,1,No,No,No,English / Spanish,No
52,52,Mary Stein,Mary.Stein@gmail.com,Stein.Mary Stein@dandsltd.com,Back-End Developer,10/18/2014,,Contract,Indefinite,T2,Yes,No,756-149-6987,Sarah Mathews,542-476-2330,3/13/2001,181-71-1729,"550 Joanna Trail Apt. 843, Cameronport, Arizona","$80,376.00",Master's Degree /Certificate Programs Diploma,12-8 PM,9,7.93085622,21,6,15,Information Technology,itsupport@dandsltd.com,1,Yes,No,Yes,English / Spanish,No
53,53,Mary Jones,Mary.Jones@gmail.com,Jones.Mary Jones@dandsltd.com,Data Scientist,2019-12-02 00:00:00,,Freelance,Indefinite,T2,No,Yes,877-515-5760,Jennifer Patterson,895-846-7745,7/16/1995,313-25-461,"53719 Barbara Freeway Suite 947, Whitneyfort, South Dakota","$18,719.00",Master's Degree /Certificate Programs Diploma,12-8 PM,5,8.59239902,21,21,0,Reporting,reports@cadex-solutions.com,1,No,No,Yes,English / Spanish,No
54,54,Emily Davis,Emily.Davis@gmail.com,Davis.Emily Davis@dandsltd.com,Data Scientist,6/26/2015,,Freelance,Indefinite,T2,Yes,No,34-818-8277,Jennifer Ramirez,9-369-9314,4/20/1999,303-5-5916,"21411 Emily Oval Suite 991, Port Steven, California","$79,774.00",Bachelor’s Degree / Certificate Programs Diploma,9-5 PM,5,9.30523639,21,19,2,Reporting,reports@cadex-solutions.com,3,Yes,No,No,English,No
55,55,Kelli Roth,Kelli.Roth@gmail.com,Roth.Kelli Roth@dandsltd.com,Full Stack Developer,2019-08-05 00:00:00,,Full Time,Contract to Permanent,T2,No,Yes,34-890-6941,David Greene,64-274-4976,3/31/1996,849-65-1207,"9620 Jessica Alley Apt. 156, Davidsonberg, Iowa","$54,658.00",Bachelor’s Degree / Certificate Programs Diploma,2-11 PM,0,8.26386632,21,5,16,Information Technology,itsupport@dandsltd.com,2,Yes,Yes,Yes,English,No
56,56,David Thomas,David.Thomas@gmail.com,Thomas.David Thomas@dandsltd.com,Back-End Developer,2018-01-05 00:00:00,,Part Time,Contract to Permanent,T1,Yes,No,831-295-6699,Albert Galvan,547-589-7079,11/25/2003,621-6-4613,"5210 Moore Station Apt. 847, Lake Nancyside, Alabama","$79,434.00",Bachelor’s Degree / Certificate Programs Diploma,2-11 PM,4,9.26562225,21,11,10,Information Technology,itsupport@dandsltd.com,3,Yes,Yes,Yes,English,No
57,57,Paul Cannon,Paul.Cannon@gmail.com,Cannon.Paul Cannon@dandsltd.com,DevOps Engineer,10/18/2014,,Full Time,Indefinite,T1,No,No,832-626-7965,Brenda Nelson,620-873-5681,2001-10-04 00:00:00,584-42-5245,"9581 Derek Avenue Apt. 688, Michaeltown, Vermont","$83,553.00",Bachelor’s Degree / Certificate Programs Diploma,12-8 PM,10,8.18072831,21,1,20,Information Technology,itsupport@dandsltd.com,2,Yes,No,No,English,No
58,58,Austin Hopkins,Austin.Hopkins@gmail.com,Hopkins.Austin Hopkins@dandsltd.com,Full Stack Developer,2019-03-01 00:00:00,,Contract,Contract to Permanent,T3,No,No,963-895-5077,Audrey Pope,670-194-2304,2/14/2000,665-78-8070,"2247 Howard Highway Apt. 086, Wellschester, Louisiana","$44,447.00",Bachelor’s Degree / Certificate Programs Diploma,9-5 PM,5,7.83202791,21,6,15,Information Technology,itsupport@dandsltd.com,1,No,No,No,English,No
59,59,Jason Oneal,Jason.Oneal@gmail.com,Oneal.Jason Oneal@dandsltd.com,Data Scientist,11/22/2016,,Contract,Contract to Permanent,T2,Yes,Yes,531-178-7963,Cory Diaz,717-788-5029,2002-01-09 00:00:00,372-69-8079,"6816 Pratt Mission, Robertberg, Oklahoma","$99,755.00",Bachelor’s Degree / Certificate Programs Diploma,9-5 PM,7,9.28373033,21,13,8,Reporting,reports@cadex-solutions.com,3,Yes,Yes,No,English,No
60,60,Tammy French,Tammy.French@gmail.com,French.Tammy French@dandsltd.com,Full Stack Developer,7/24/2016,,Contract,Indefinite,T1,Yes,No,100-424-5851,Pamela Morrison,244-690-9613,4/13/1995,334-62-389,"6672 Jacob Mill, Vickiechester, Colorado","$75,673.00",Bachelor’s Degree / Certificate Programs Diploma,2-11 PM,9,9.97618249,21,16,5,Information Technology,itsupport@dandsltd.com,1,No,No,No,English,No
61,61,Scott Blake,Scott.Blake@gmail.com,Blake.Scott Blake@dandsltd.com,Back-End Developer,2017-09-04 00:00:00,,Freelance,Contract to Permanent,T3,No,Yes,485-661-938,Jennifer Wagner,620-919-5773,1/28/1997,302-89-5266,"5084 Powell Stravenue Suite 898, North James, Connecticut","$92,742.00",Bachelor’s Degree / Certificate Programs Diploma,2-11 PM,0,9.61900173,21,3,18,Information Technology,itsupport@dandsltd.com,2,Yes,No,Yes,English,No
62,62,Chad Patterson,Chad.Patterson@gmail.com,Patterson.Chad Patterson@dandsltd.com,DevOps Engineer,4/30/2017,,Freelance,Fixed,T3,Yes,No,98-986-1675,John Evans,772-221-5650,1995-03-06 00:00:00,43-90-4442,"3119 David Terrace Apt. 418, South Matthew, Michigan","$53,256.00",Bachelor’s Degree / Certificate Programs Diploma,12-8 PM,9,8.90779359,21,0,21,Information Technology,itsupport@dandsltd.com,3,Yes,Yes,Yes,English,No
63,63,Steven Jones,Steven.Jones@gmail.com,Jones.Steven Jones@dandsltd.com,Full Stack Developer,7/19/2015,,Freelance,Contract to Permanent,T2,No,No,103-810-7806,Amy Church,300-908-3350,12/16/1997,668-48-5540,"165 Kevin Pines Suite 855, North Davidview, Alabama","$25,973.00",Bachelor’s Degree / Certificate Programs Diploma,12-8 PM,10,7.22108376,21,21,0,Information Technology,itsupport@dandsltd.com,1,No,No,No,English,No
64,64,Ruth Harrison,Ruth.Harrison@gmail.com,Harrison.Ruth Harrison@dandsltd.com,Data Scientist,2019-04-09 00:00:00,,Part Time,Indefinite,T3,Yes,Yes,653-742-169,Marissa Snyder,120-552-3286,8/30/2004,451-17-6810,"8491 Gregory Greens, South Jessicamouth, North Dakota","$72,209.00",Bachelor’s Degree / Certificate Programs Diploma,12-8 PM,2,9.18926445,21,4,17,Reporting,reports@cadex-solutions.com,1,No,No,Yes,English,No
65,65,Jessica Norman,Jessica.Norman@gmail.com,Norman.Jessica Norman@dandsltd.com,Back-End Developer,2016-12-01 00:00:00,,Contract,Contract to Permanent,T3,Yes,Yes,591-70-127,Richard Ali,645-566-2696,12/23/1995,54-89-1635,"24485 Santiago Centers, Aaronmouth, New Hampshire","$11,268.00",Master's Degree /Certificate Programs Diploma,12-8 PM,0,8.82858504,21,13,8,Information Technology,itsupport@dandsltd.com,2,No,Yes,No,English,No
66,66,Jessica Bradshaw,Jessica.Bradshaw@gmail.com,Bradshaw.Jessica Bradshaw@dandsltd.com,Back-End Developer,2015-06-11 00:00:00,,Contract,Fixed,T3,Yes,No,344-482-6453,Brittany Lutz,443-807-1214,2003-03-06 00:00:00,80-56-6523,"496 Campbell Mill, Ericabury, Oregon","$34,733.00",Master's Degree /Certificate Programs Diploma,2-11 PM,4,9.07784114,21,6,15,Information Technology,itsupport@dandsltd.com,2,No,Yes,Yes,English,No
67,67,Alison Buchanan,Alison.Buchanan@gmail.com,Buchanan.Alison Buchanan@dandsltd.com,Data Scientist,2018-11-10 00:00:00,,Contract,Fixed,T1,Yes,Yes,408-930-7893,Jason Mays,989-990-9874,10/31/2002,989-3-232,"65190 Beck Park Suite 848, East Lindsayfort, Maine","$16,382.00",Master's Degree /Certificate Programs Diploma,9-5 PM,6,8.8935148,21,16,5,Reporting,reports@cadex-solutions.com,3,No,No,No,English,No
68,68,Francisco Young,Francisco.Young@gmail.com,Young.Francisco Young@dandsltd.com,Back-End Developer,8/23/2016,,Full Time,Indefinite,T3,No,Yes,874-951-4361,Jeffrey Johnson,282-101-2108,1/28/1995,540-30-384,"064 Underwood Viaduct, Banksview, Nebraska","$60,865.00",Master's Degree /Certificate Programs Diploma,2-11 PM,1,9.15080112,21,17,4,Information Technology,itsupport@dandsltd.com,1,No,No,Yes,English,No
69,69,Douglas Ortiz,Douglas.Ortiz@gmail.com,Ortiz.Douglas Ortiz@dandsltd.com,Full Stack Developer,4/27/2015,,Contract,Fixed,T1,Yes,Yes,457-153-7597,Christopher Williams,215-649-6917,1998-05-09 00:00:00,398-24-227,"571 Michael Spring Apt. 942, East Chelsea, Texas","$83,066.00",Master's Degree /Certificate Programs Diploma,12-8 PM,1,7.30786541,21,3,18,Information Technology,itsupport@dandsltd.com,2,Yes,Yes,Yes,English,No
70,70,Melanie Dominguez,Melanie.Dominguez@gmail.com,Dominguez.Melanie Dominguez@dandsltd.com,DevOps Engineer,2015-10-08 00:00:00,,Freelance,Fixed,T2,No,No,125-378-3323,Samantha Todd,855-639-1940,6/29/2002,309-39-57,"7162 Bridges Mission Apt. 994, Amytown, Missouri","$74,095.00",Master's Degree /Certificate Programs Diploma,2-11 PM,1,9.42154333,21,2,19,Information Technology,itsupport@dandsltd.com,1,Yes,No,Yes,English,No
71,71,Michael Cunningham,Michael.Cunningham@gmail.com,Cunningham.Michael Cunningham@dandsltd.com,DevOps Engineer,2018-03-08 00:00:00,,Part Time,Contract to Permanent,T2,No,Yes,508-594-5798,Jessica Heath,218-247-6353,4/23/2004,967-12-2795,"40244 Huff Court, South Katherine, Alabama","$81,647.00",Master's Degree /Certificate Programs Diploma,9-5 PM,2,8.05130041,21,14,7,Information Technology,itsupport@dandsltd.com,3,Yes,Yes,No,English,No
72,72,Amy Lee,Amy.Lee@gmail.com,Lee.Amy Lee@dandsltd.com,Data Scientist,2018-06-02 00:00:00,,Full Time,Fixed,T1,Yes,No,774-239-2777,Keith Wood,919-328-5823,2000-03-08 00:00:00,973-23-955,"38732 Scott Trail Apt. 069, Port Donaldshire, Louisiana","$40,358.00",Master's Degree /Certificate Programs Diploma,2-11 PM,3,7.93540785,21,16,5,Reporting,reports@cadex-solutions.com,1,No,Yes,No,English,No
73,73,Holly Boyd,Holly.Boyd@gmail.com,Boyd.Holly Boyd@dandsltd.com,DevOps Engineer,8/20/2019,,Contract,Fixed,T3,No,Yes,493-825-5462,Raymond Elliott,355-342-5316,2001-02-10 00:00:00,913-12-2230,"698 Tran Wells, Amandaport, South Dakota","$63,168.00",Master's Degree /Certificate Programs Diploma,9-5 PM,2,8.43307963,21,21,0,Information Technology,itsupport@dandsltd.com,2,Yes,No,Yes,English,No
74,74,William Lopez,William.Lopez@gmail.com,Lopez.William Lopez@dandsltd.com,DevOps Engineer,2/25/2018,,Freelance,Fixed,T2,Yes,No,777-685-8295,Nicholas Hall,966-153-3844,10/25/1998,140-87-4905,"857 Wendy Isle Apt. 263, Wyattside, Illinois","$33,531.00",Master's Degree /Certificate Programs Diploma,9-5 PM,7,8.21890524,21,10,11,Information Technology,itsupport@dandsltd.com,2,No,Yes,Yes,English,No
75,75,Jennifer Taylor,Jennifer.Taylor@gmail.com,Taylor.Jennifer Taylor@dandsltd.com,Data Scientist,5/15/2015,,Freelance,Fixed,T1,Yes,No,410-90-3922,Rebecca Contreras,989-429-5576,3/26/2001,562-98-2249,"835 Parks Terrace Apt. 023, Markton, Tennessee","$13,075.00",Master's Degree /Certificate Programs Diploma,9-5 PM,1,8.47413769,21,18,3,Reporting,reports@cadex-solutions.com,1,Yes,No,Yes,English,No
76,76,Mario Velasquez,Mario.Velasquez@gmail.com,Velasquez.Mario Velasquez@dandsltd.com,DevOps Engineer,2016-09-06 00:00:00,,Freelance,Fixed,T1,Yes,No,670-595-8470,Erica Hunt,841-134-3922,1/25/1995,247-34-4392,"92067 Le Port, Sullivanland, Oregon","$78,900.00",Master's Degree /Certificate Programs Diploma,9-5 PM,1,8.94714789,21,7,14,Information Technology,itsupport@dandsltd.com,2,No,Yes,Yes,English,No
77,77,Allen Meyer,Allen.Meyer@gmail.com,Meyer.Allen Meyer@dandsltd.com,Data Scientist,3/14/2017,,Freelance,Contract to Permanent,T2,No,Yes,633-122-7858,David Dickerson,326-846-6102,1997-10-12 00:00:00,313-76-614,"365 Karen Camp, Port Stevenberg, Rhode Island","$23,617.00",Master's Degree /Certificate Programs Diploma,2-11 PM,9,8.79385439,21,21,0,Reporting,reports@cadex-solutions.com,3,Yes,Yes,Yes,English,No
78,78,Amy Scott,Amy.Scott@gmail.com,Scott.Amy Scott@dandsltd.com,DevOps Engineer,11/20/2014,,Full Time,Fixed,T2,Yes,Yes,679-110-804,Ricky Garrett,921-253-6592,2/26/1999,940-84-4802,"711 Hernandez Street, East Sherrystad, South Dakota","$11,049.00",Master's Degree /Certificate Programs Diploma,9-5 PM,0,9.88030378,21,12,9,Information Technology,itsupport@dandsltd.com,2,Yes,No,Yes,English,No
79,79,James Herrera,James.Herrera@gmail.com,Herrera.James Herrera@dandsltd.com,Full Stack Developer,2017-12-02 00:00:00,,Full Time,Fixed,T3,Yes,No,173-434-4417,Amanda Kelley,56-988-9877,2002-11-03 00:00:00,942-58-9781,"697 Lawrence Ranch, Port Michael, New Jersey","$35,389.00",Master's Degree /Certificate Programs Diploma,9-5 PM,6,8.10973933,21,14,7,Information Technology,itsupport@dandsltd.com,3,Yes,Yes,Yes,English,No
80,80,Anita Walker,Anita.Walker@gmail.com,Walker.Anita Walker@dandsltd.com,Data Scientist,2/22/2018,,Part Time,Fixed,T2,Yes,Yes,16-117-1894,Amanda Mcintyre,496-655-8638,1999-02-08 00:00:00,77-98-732,"8934 Burton Hollow, Bondborough, Alabama","$91,651.00",Master's Degree /Certificate Programs Diploma,12-8 PM,3,7.56957109,21,21,0,Reporting,reports@cadex-solutions.com,2,Yes,Yes,No,English,No
81,81,Harry Bautista,Harry.Bautista@gmail.com,Bautista.Harry Bautista@dandsltd.com,Full Stack Developer,5/31/2019,,Full Time,Indefinite,T3,Yes,No,173-244-8938,Alex Davidson,90-548-5650,2/29/2000,506-70-4322,"22256 Jackson Roads, North Julie, Mississippi","$88,278.00",Master's Degree /Certificate Programs Diploma,9-5 PM,7,8.1559363,21,21,0,Information Technology,itsupport@dandsltd.com,2,Yes,Yes,Yes,English,No
82,82,Renee Perez,Renee.Perez@gmail.com,Perez.Renee Perez@dandsltd.com,Back-End Developer,9/24/2017,,Freelance,Contract to Permanent,T2,Yes,Yes,688-716-4927,Betty Harris,887-677-2140,1996-12-04 00:00:00,191-99-7115,"16231 Adrienne Drive, West Christyshire, Illinois","$67,380.00",Master's Degree /Certificate Programs Diploma,12-8 PM,0,9.33686648,21,4,17,Information Technology,itsupport@dandsltd.com,1,Yes,Yes,No,English,No
83,83,Timothy Whitaker,Timothy.Whitaker@gmail.com,Whitaker.Timothy Whitaker@dandsltd.com,Full Stack Developer,2018-05-07 00:00:00,,Contract,Indefinite,T3,No,Yes,151-169-8234,Jessica Wright,582-671-9942,1/29/2002,523-75-1112,"11561 Nicholas Forest Suite 047, Port Robertofurt, New York","$39,994.00",Master's Degree /Certificate Programs Diploma,12-8 PM,2,8.53718034,21,10,11,Information Technology,itsupport@dandsltd.com,3,Yes,No,No,English,No
84,84,Vanessa Hancock,Vanessa.Hancock@gmail.com,Hancock.Vanessa Hancock@dandsltd.com,Data Scientist,3/30/2015,,Part Time,Fixed,T1,Yes,Yes,985-505-9014,Heather Floyd,12-602-8073,1995-07-11 00:00:00,137-60-5365,"895 Marie Stravenue Apt. 660, North Jeffreybury, New Mexico","$82,768.00",Master's Degree /Certificate Programs Diploma,9-5 PM,3,8.10386741,21,13,8,Reporting,reports@cadex-solutions.com,2,Yes,No,Yes,English,No
85,85,Thomas Whitaker,Thomas.Whitaker@gmail.com,Whitaker.Thomas Whitaker@dandsltd.com,Back-End Developer,5/17/2015,,Freelance,Indefinite,T2,Yes,Yes,883-596-8915,Laura Taylor,898-332-3436,3/16/1996,798-95-3355,"4398 Ronald Club Apt. 148, South Alexberg, Massachusetts","$70,734.00",Master's Degree /Certificate Programs Diploma,12-8 PM,3,9.89197728,21,8,13,Information Technology,itsupport@dandsltd.com,2,No,No,Yes,English,No
86,86,Andrew Watson,Andrew.Watson@gmail.com,Watson.Andrew Watson@dandsltd.com,Data Scientist,6/18/2015,,Contract,Indefinite,T3,Yes,Yes,535-73-5944,David Kidd,652-858-3075,1998-10-10 00:00:00,815-13-7414,"487 Christopher Knolls, Port Lynn, Louisiana","$85,263.00",Master's Degree /Certificate Programs Diploma,2-11 PM,9,9.51359814,21,5,16,Reporting,reports@cadex-solutions.com,3,No,No,Yes,English,No
87,87,Victor Lynn,Victor.Lynn@gmail.com,Lynn.Victor Lynn@dandsltd.com,DevOps Engineer,2014-02-11 00:00:00,,Part Time,Indefinite,T3,Yes,Yes,573-203-4821,Daniel Ray,966-160-3381,1994-01-10 00:00:00,655-89-640,"24787 Nathaniel Turnpike, West Danielland, Kentucky","$11,471.00",Master's Degree /Certificate Programs Diploma,12-8 PM,4,7.7837783,21,2,19,Information Technology,itsupport@dandsltd.com,3,No,Yes,Yes,English,No
88,88,Alexander Cisneros,Alexander.Cisneros@gmail.com,Cisneros.Alexander Cisneros@dandsltd.com,Data Scientist,11/28/2015,,Full Time,Fixed,T1,No,Yes,488-575-3686,Gary Carter,503-953-9201,2003-05-06 00:00:00,237-10-3926,"77629 Fernandez Port, Anthonyfurt, Massachusetts","$37,237.00",Master's Degree /Certificate Programs Diploma,9-5 PM,8,7.69565421,21,3,18,Reporting,reports@cadex-solutions.com,3,Yes,No,Yes,English,No
89,89,Catherine Hines,Catherine.Hines@gmail.com,Hines.Catherine Hines@dandsltd.com,Back-End Developer,2015-11-08 00:00:00,,Full Time,Contract to Permanent,T3,Yes,No,536-919-3723,Michael Gray,423-696-7322,3/28/1995,272-75-3103,"542 Jacobs Forge, Crawfordfort, Iowa","$94,671.00",Master's Degree /Certificate Programs Diploma,2-11 PM,7,7.23617007,21,5,16,Information Technology,itsupport@dandsltd.com,2,No,No,Yes,English,No
90,90,Donald Farrell,Donald.Farrell@gmail.com,Farrell.Donald Farrell@dandsltd.com,DevOps Engineer,2018-03-10 00:00:00,,Part Time,Indefinite,T2,No,Yes,896-575-7567,Matthew Walker,994-898-9054,1997-01-12 00:00:00,121-22-3964,"874 Kyle Orchard Apt. 993, North David, South Carolina","$58,630.00",Master's Degree /Certificate Programs Diploma,9-5 PM,1,7.52566871,21,0,21,Information Technology,itsupport@dandsltd.com,1,Yes,No,Yes,English,No
91,91,Anita Patton,Anita.Patton@gmail.com,Patton.Anita Patton@dandsltd.com,DevOps Engineer,2016-10-03 00:00:00,,Freelance,Indefinite,T1,Yes,Yes,376-207-3781,Vickie Moore,140-124-1162,9/21/2000,783-50-1157,"3280 Choi Harbor, Scottmouth, Rhode Island","$15,758.00",Master's Degree /Certificate Programs Diploma,12-8 PM,4,8.86022964,21,7,14,Information Technology,itsupport@dandsltd.com,2,Yes,Yes,Yes,English,No
92,92,Timothy Wood,Timothy.Wood@gmail.com,Wood.Timothy Wood@dandsltd.com,Data Scientist,11/13/2016,,Freelance,Fixed,T2,No,Yes,660-779-655,Alexis James,373-338-3171,8/23/2000,804-0-2243,"17371 Joshua Gardens, Williamsport, Pennsylvania","$90,639.00",Master's Degree /Certificate Programs Diploma,2-11 PM,1,8.71367984,21,5,16,Reporting,reports@cadex-solutions.com,2,No,Yes,Yes,English,No
93,93,Melissa Mack,Melissa.Mack@gmail.com,Mack.Melissa Mack@dandsltd.com,Data Scientist,2/22/2016,,Contract,Contract to Permanent,T1,Yes,Yes,989-541-7854,Roger Dominguez,319-61-1967,2002-06-12 00:00:00,306-3-648,"9765 Mark Mountains Apt. 697, Jamesborough, Mississippi","$35,998.00",Bachelor’s Degree / Certificate Programs Diploma,2-11 PM,9,8.7808015,21,19,2,Reporting,reports@cadex-solutions.com,2,No,Yes,No,English,No
94,94,Ronnie Johnson,Ronnie.Johnson@gmail.com,Johnson.Ronnie Johnson@dandsltd.com,DevOps Engineer,2015-07-05 00:00:00,,Contract,Indefinite,T2,No,No,904-647-4919,Christine Robinson,837-407-1307,2000-05-10 00:00:00,57-20-5952,"03584 Stanley Light Apt. 031, Taylorview, Michigan","$52,156.00",Bachelor’s Degree / Certificate Programs Diploma,9-5 PM,3,8.71683673,21,5,16,Information Technology,itsupport@dandsltd.com,2,No,No,Yes,English,No
95,95,Michael Spencer,Michael.Spencer@gmail.com,Spencer.Michael Spencer@dandsltd.com,DevOps Engineer,2017-08-01 00:00:00,,Freelance,Indefinite,T1,Yes,No,423-881-5302,Lisa Alexander,112-304-1973,12/20/2002,405-1-5214,"9407 Daugherty Ports, Washingtonfort, West Virginia","$72,707.00",Bachelor’s Degree / Certificate Programs Diploma,12-8 PM,2,9.17631208,21,18,3,Information Technology,itsupport@dandsltd.com,3,No,Yes,Yes,English,No
96,96,Thomas Bowen,Thomas.Bowen@gmail.com,Bowen.Thomas Bowen@dandsltd.com,DevOps Engineer,2014-01-10 00:00:00,,Full Time,Fixed,T1,Yes,No,650-182-4637,Amanda Johnson,384-821-5349,4/15/1999,179-68-1515,"8988 Williams Shores, Richardshire, Georgia","$82,929.00",Bachelor’s Degree / Certificate Programs Diploma,12-8 PM,4,7.7643656,21,2,19,Information Technology,itsupport@dandsltd.com,3,No,No,No,English,No
97,97,Gary Washington,Gary.Washington@gmail.com,Washington.Gary Washington@dandsltd.com,Full Stack Developer,2015-08-08 00:00:00,,Freelance,Indefinite,T3,Yes,Yes,225-227-2716,Jesus Kramer,583-42-7920,2004-02-03 00:00:00,846-19-8364,"0798 Garcia Square, Lake Cynthia, Alaska","$67,172.00",Bachelor’s Degree / Certificate Programs Diploma,2-11 PM,2,8.26450248,21,17,4,Information Technology,itsupport@dandsltd.com,1,No,Yes,Yes,English,No
98,98,Austin Williamson,Austin.Williamson@gmail.com,Williamson.Austin Williamson@dandsltd.com,Back-End Developer,2018-07-09 00:00:00,,Part Time,Contract to Permanent,T1,Yes,Yes,81-565-2859,Kristen Gonzalez,545-954-5969,2003-01-09 00:00:00,214-41-3600,"321 Bean Plains, New Michael, Florida","$99,648.00",Bachelor’s Degree / Certificate Programs Diploma,2-11 PM,4,8.21709155,21,9,12,Information Technology,itsupport@dandsltd.com,2,No,No,Yes,English,No
99,99,Tasha Taylor,Tasha.Taylor@gmail.com,Taylor.Tasha Taylor@dandsltd.com,DevOps Engineer,2017-01-01 00:00:00,,Freelance,Fixed,T2,No,No,80-927-5186,Frank Wright,740-680-9666,10/17/1995,558-21-2952,"7482 Bennett Terrace, South Joseph, Massachusetts","$88,007.00",Bachelor’s Degree / Certificate Programs Diploma,9-5 PM,8,9.24900077,21,21,0,Information Technology,itsupport@dandsltd.com,3,Yes,No,No,English,No
100,100,Nicole Willis,Nicole.Willis@gmail.com,Willis.Nicole Willis@dandsltd.com,Data Scientist,2016-11-03 00:00:00,,Freelance,Indefinite,T2,Yes,Yes,338-756-9559,Christine Carson,155-754-5410,2/26/1996,984-96-4411,"198 Roth Coves, North Rachaelview, Pennsylvania","$35,359.00",Bachelor’s Degree / Certificate Programs Diploma,2-11 PM,2,7.49839083,21,21,0,Reporting,reports@cadex-solutions.com,1,No,Yes,Yes,English,No
101,101,Katherine Smith,Katherine.Smith@gmail.com,Smith.Katherine Smith@dandsltd.com,Back-End Developer,2016-11-03 00:00:00,,Contract,Contract to Permanent,T1,Yes,Yes,831-586-8861,Eduardo Meza,126-856-5072,5/29/2001,415-44-7479,"0143 Le Divide, Floresview, Missouri","$11,802.00",Bachelor’s Degree / Certificate Programs Diploma,9-5 PM,10,9.25850266,21,8,13,Information Technology,itsupport@dandsltd.com,1,Yes,Yes,No,English,No
102,102,Erik Morales,Erik.Morales@gmail.com,Morales.Erik Morales@dandsltd.com,Data Scientist,5/28/2015,,Part Time,Indefinite,T3,No,No,937-280-2133,Pamela Bryant,10-987-273,1999-11-10 00:00:00,951-92-5038,"739 Wilkinson Gardens, East Johnchester, Utah","$52,652.00",Bachelor’s Degree / Certificate Programs Diploma,12-8 PM,2,9.75746403,21,11,10,Reporting,reports@cadex-solutions.com,2,Yes,No,Yes,English,No
103,103,Cynthia Hernandez,Cynthia.Hernandez@gmail.com,Hernandez.Cynthia Hernandez@dandsltd.com,Full Stack Developer,2018-03-03 00:00:00,,Freelance,Indefinite,T2,No,No,711-933-9859,Phillip Ellis,837-904-1332,2001-05-06 00:00:00,136-67-1845,"196 Davis Light Suite 927, North Janice, Vermont","$57,384.00",Bachelor’s Degree / Certificate Programs Diploma,2-11 PM,5,8.92283634,21,15,6,Information Technology,itsupport@dandsltd.com,1,Yes,No,Yes,English,No
104,104,Alexis Travis,Alexis.Travis@gmail.com,Travis.Alexis Travis@dandsltd.com,Full Stack Developer,2017-07-10 00:00:00,,Freelance,Fixed,T1,Yes,No,101-764-7567,Blake Phelps,344-425-662,2/19/1998,829-31-9395,"48803 Salazar Centers, South Jessica, Texas","$47,896.00",Bachelor’s Degree / Certificate Programs Diploma,9-5 PM,5,9.72678621,21,3,18,Information Technology,itsupport@dandsltd.com,1,No,Yes,Yes,English,No
105,105,Ebony Hamilton,Ebony.Hamilton@gmail.com,Hamilton.Ebony Hamilton@dandsltd.com,Back-End Developer,2019-12-07 00:00:00,,Freelance,Indefinite,T2,Yes,No,308-571-2309,Laurie Simmons,625-902-2339,1995-05-02 00:00:00,416-47-2180,"5724 Garza Passage, Wigginsside, Michigan","$72,794.00",Bachelor’s Degree / Certificate Programs Diploma,9-5 PM,1,8.51996638,21,11,10,Information Technology,itsupport@dandsltd.com,2,No,Yes,Yes,English,No
106,106,Michele Smith,Michele.Smith@gmail.com,Smith.Michele Smith@dandsltd.com,Data Scientist,10/19/2016,,Freelance,Indefinite,T2,No,Yes,850-596-301,Luis Blevins,336-285-2824,5/28/2003,759-5-9860,"2721 Sharon Vista Apt. 863, Spencetown, Ohio","$73,313.00",Bachelor’s Degree / Certificate Programs Diploma,12-8 PM,3,7.29979815,21,9,12,Reporting,reports@cadex-solutions.com,1,Yes,No,Yes,English,No
107,107,Stephen Grant,Stephen.Grant@gmail.com,Grant.Stephen Grant@dandsltd.com,Full Stack Developer,5/16/2019,,Full Time,Fixed,T2,No,Yes,316-895-3451,John Potter,601-301-2080,1/18/1997,274-90-3944,"8908 Garcia Groves, Snyderbury, Alaska","$85,820.00",Bachelor’s Degree / Certificate Programs Diploma,9-5 PM,4,7.84962067,21,19,2,Information Technology,itsupport@dandsltd.com,3,No,No,Yes,English,No
108,108,Jacob Parker,Jacob.Parker@gmail.com,Parker.Jacob Parker@dandsltd.com,Data Scientist,8/28/2019,,Full Time,Indefinite,T2,Yes,Yes,895-407-2663,Elizabeth Mccall,856-929-2676,1998-08-10 00:00:00,65-70-3260,"3972 White Square Apt. 510, West Kirk, Rhode Island","$35,820.00",Bachelor’s Degree / Certificate Programs Diploma,9-5 PM,5,9.84982383,21,19,2,Reporting,reports@cadex-solutions.com,3,Yes,No,Yes,English,No
109,109,Angela Lee,Angela.Lee@gmail.com,Lee.Angela Lee@dandsltd.com,Data Scientist,6/15/2019,,Part Time,Fixed,T1,Yes,Yes,434-390-1675,Jonathan Casey,617-403-2100,11/18/1997,199-58-1656,"496 Ferguson Oval Apt. 904, Harrishaven, New Hampshire","$87,720.00",Bachelor’s Degree / Certificate Programs Diploma,9-5 PM,0,8.03993812,21,21,0,Reporting,reports@cadex-solutions.com,3,No,Yes,No,English,No
110,110,Joe Juarez,Joe.Juarez@gmail.com,Juarez.Joe Juarez@dandsltd.com,Full Stack Developer,7/18/2017,,Contract,Indefinite,T1,Yes,Yes,735-671-160,Melissa Atkins,506-167-8710,2/15/1997,799-64-6629,"6813 Tina Alley Apt. 108, Wrightview, Oklahoma","$88,526.00",Bachelor’s Degree / Certificate Programs Diploma,2-11 PM,1,9.42868563,21,20,1,Information Technology,itsupport@dandsltd.com,2,No,No,Yes,English,No
111,111,Emily Flores,Emily.Flores@gmail.com,Flores.Emily Flores@dandsltd.com,Back-End Developer,2016-12-04 00:00:00,,Full Time,Contract to Permanent,T1,No,No,831-260-305,Gary Swanson,270-57-6448,10/15/2003,84-14-8759,"50559 Pruitt Heights Apt. 972, Robertside, Maryland","$98,780.00",Bachelor’s Degree / Certificate Programs Diploma,12-8 PM,0,8.07773097,21,13,8,Information Technology,itsupport@dandsltd.com,3,No,No,No,English,No
112,112,Kristine Farrell,Kristine.Farrell@gmail.com,Farrell.Kristine Farrell@dandsltd.com,Full Stack Developer,2017-08-03 00:00:00,,Part Time,Contract to Permanent,T1,No,No,651-998-5779,Andrea White,817-236-938,2002-05-11 00:00:00,366-7-9971,"40869 Lewis Ferry Suite 962, Port Sallyville, West Virginia","$18,914.00",Bachelor’s Degree / Certificate Programs Diploma,12-8 PM,3,8.15733533,21,0,21,Information Technology,itsupport@dandsltd.com,3,No,Yes,No,English,No
113,113,Brian Garcia,Brian.Garcia@gmail.com,Garcia.Brian Garcia@dandsltd.com,Back-End Developer,2017-12-06 00:00:00,,Contract,Indefinite,T2,Yes,Yes,768-964-9728,Brenda Oconnor,293-430-417,1995-01-10 00:00:00,50-74-2478,"706 Rice Corner Suite 267, Sotoberg, Arizona","$61,502.00",Bachelor’s Degree / Certificate Programs Diploma,2-11 PM,3,7.17419855,21,3,18,Information Technology,itsupport@dandsltd.com,1,No,Yes,Yes,English,No
114,114,Kaitlyn Vazquez,Kaitlyn.Vazquez@gmail.com,Vazquez.Kaitlyn Vazquez@dandsltd.com,Data Scientist,3/31/2019,,Contract,Indefinite,T3,Yes,Yes,322-623-8460,Matthew Ryan,638-150-4286,1/21/2003,666-10-4659,"40022 Burgess Haven Apt. 282, Rebeccaport, Colorado","$71,497.00",Bachelor’s Degree / Certificate Programs Diploma,12-8 PM,7,9.86839828,21,8,13,Reporting,reports@cadex-solutions.com,2,Yes,No,Yes,English,No
115,115,Jennifer Garcia,Jennifer.Garcia@gmail.com,Garcia.Jennifer Garcia@dandsltd.com,DevOps Engineer,9/15/2014,,Full Time,Indefinite,T1,No,No,803-71-5891,Nathaniel Sweeney,110-603-13,2002-02-01 00:00:00,552-36-8906,"20417 Page Bypass Suite 843, Barbaratown, Oregon","$43,758.00",Bachelor’s Degree / Certificate Programs Diploma,2-11 PM,8,7.21483984,21,17,4,Information Technology,itsupport@dandsltd.com,1,Yes,Yes,No,English,No
116,116,Stephanie Atkins,Stephanie.Atkins@gmail.com,Atkins.Stephanie Atkins@dandsltd.com,DevOps Engineer,7/21/2019,,Contract,Indefinite,T3,No,Yes,268-294-3419,Ashley Harrison,362-298-5946,2004-12-05 00:00:00,738-34-3652,"26303 Jesus Circle, Alexanderton, Wyoming","$60,168.00",Bachelor’s Degree / Certificate Programs Diploma,2-11 PM,8,7.16486562,21,4,17,Information Technology,itsupport@dandsltd.com,3,Yes,Yes,No,English,No
117,117,Kevin Adkins,Kevin.Adkins@gmail.com,Adkins.Kevin Adkins@dandsltd.com,Full Stack Developer,2/14/2015,,Freelance,Contract to Permanent,T2,No,No,391-578-6589,Shannon Tate,115-290-8714,1/21/1995,902-67-546,"039 Pope Knoll, Gardnerhaven, Arkansas","$61,398.00",Bachelor’s Degree / Certificate Programs Diploma,9-5 PM,9,8.76528877,21,19,2,Information Technology,itsupport@dandsltd.com,1,Yes,Yes,Yes,English,No
118,118,Michael Rodriguez,Michael.Rodriguez@gmail.com,Rodriguez.Michael Rodriguez@dandsltd.com,Back-End Developer,11/18/2015,,Part Time,Indefinite,T3,No,No,135-616-6991,Taylor Baker,370-562-502,5/23/2002,97-16-8564,"531 Michelle Trail, Josephland, Maine","$44,396.00",Bachelor’s Degree / Certificate Programs Diploma,2-11 PM,3,9.15854851,21,11,10,Information Technology,itsupport@dandsltd.com,1,No,No,Yes,English,No
119,119,Kevin Garner,Kevin.Garner@gmail.com,Garner.Kevin Garner@dandsltd.com,Full Stack Developer,6/15/2015,,Full Time,Indefinite,T3,Yes,No,933-826-4293,Mark Lee,2-212-4738,2000-11-10 00:00:00,278-3-2788,"50179 Brown Isle, Robertton, Tennessee","$59,494.00",Bachelor’s Degree / Certificate Programs Diploma,2-11 PM,3,7.54562993,21,10,11,Information Technology,itsupport@dandsltd.com,3,Yes,No,Yes,English,No
120,120,Kayla Warren,Kayla.Warren@gmail.com,Warren.Kayla Warren@dandsltd.com,Full Stack Developer,2019-11-02 00:00:00,,Part Time,Contract to Permanent,T3,No,Yes,99-403-4575,Collin Morris,613-353-1346,2004-04-01 00:00:00,882-54-7152,"532 Cruz Viaduct Apt. 355, Ivanbury, Massachusetts","$49,749.00",Bachelor’s Degree / Certificate Programs Diploma,2-11 PM,0,8.00583453,21,17,4,Information Technology,itsupport@dandsltd.com,1,Yes,No,No,English,No
121,121,Raymond Sandoval,Raymond.Sandoval@gmail.com,Sandoval.Raymond Sandoval@dandsltd.com,DevOps Engineer,2015-08-10 00:00:00,,Part Time,Contract to Permanent,T2,Yes,Yes,100-266-5200,Drew Cameron,713-807-2287,3/15/1995,816-13-4911,"3506 Kenneth Ridge, Lake Brianberg, California","$31,092.00",Bachelor’s Degree / Certificate Programs Diploma,9-5 PM,6,7.82817284,21,0,21,Information Technology,itsupport@dandsltd.com,2,No,No,Yes,English,No
122,122,Erin Tran,Erin.Tran@gmail.com,Tran.Erin Tran@dandsltd.com,Data Scientist,10/14/2017,,Part Time,Fixed,T3,Yes,Yes,224-816-1353,Aaron Johnson,133-595-1707,1998-10-11 00:00:00,57-33-2465,"4811 Thomas Spring Suite 491, Duaneport, Virginia","$87,669.00",Bachelor’s Degree / Certificate Programs Diploma,2-11 PM,10,8.39099643,21,17,4,Reporting,reports@cadex-solutions.com,2,No,Yes,No,English,No
123,123,Kathleen Fletcher,Kathleen.Fletcher@gmail.com,Fletcher.Kathleen Fletcher@dandsltd.com,Back-End Developer,1/22/2018,,Freelance,Indefinite,T1,Yes,Yes,409-984-3,Richard Oneill,542-555-8881,2001-09-10 00:00:00,94-2-7262,"868 Brett Parkway Apt. 633, North Bradleyville, Michigan","$70,955.00",Bachelor’s Degree / Certificate Programs Diploma,9-5 PM,3,8.73666614,21,21,0,Information Technology,itsupport@dandsltd.com,2,No,No,Yes,English,No
124,124,Michele Durham,Michele.Durham@gmail.com,Durham.Michele Durham@dandsltd.com,Back-End Developer,7/29/2015,,Full Time,Indefinite,T2,No,Yes,656-352-7483,Patrick Young,226-303-2253,1995-08-06 00:00:00,29-45-112,"0060 Ortiz Place Apt. 470, Durhammouth, California","$43,185.00",Bachelor’s Degree / Certificate Programs Diploma,9-5 PM,4,7.95376684,21,21,0,Information Technology,itsupport@dandsltd.com,2,No,Yes,Yes,English,No
125,125,Maria Wiggins,Maria.Wiggins@gmail.com,Wiggins.Maria Wiggins@dandsltd.com,DevOps Engineer,2019-06-08 00:00:00,,Part Time,Indefinite,T2,Yes,No,17-69-6250,Willie Miranda,463-368-5013,2004-09-08 00:00:00,886-51-2465,"1214 Kristine Loaf Apt. 605, Jasontown, Kansas","$61,660.00",Bachelor’s Degree / Certificate Programs Diploma,12-8 PM,2,7.03996983,21,6,15,Information Technology,itsupport@dandsltd.com,2,Yes,No,No,English,No
126,126,Patrick Robbins,Patrick.Robbins@gmail.com,Robbins.Patrick Robbins@dandsltd.com,Full Stack Developer,4/19/2018,,Contract,Indefinite,T2,No,No,572-652-4030,Elijah Pruitt,362-722-5274,8/17/1995,887-95-6904,"0967 Theresa Parkway, Lake Elizabethstad, New York","$73,103.00",Bachelor’s Degree / Certificate Programs Diploma,9-5 PM,1,9.96434739,21,9,12,Information Technology,itsupport@dandsltd.com,1,Yes,Yes,Yes,English,No
127,127,James Stewart,James.Stewart@gmail.com,Stewart.James Stewart@dandsltd.com,Data Scientist,1/16/2017,,Contract,Indefinite,T1,Yes,Yes,436-508-9248,Susan Lee,22-89-1745,2003-11-12 00:00:00,167-37-1027,"737 Jesse Locks, Hollychester, Rhode Island","$33,295.00",Bachelor’s Degree / Certificate Programs Diploma,2-11 PM,10,9.42986285,21,0,21,Reporting,reports@cadex-solutions.com,2,No,Yes,Yes,English,No
128,128,Michael West,Michael.West@gmail.com,West.Michael West@dandsltd.com,Data Scientist,2015-05-08 00:00:00,,Full Time,Contract to Permanent,T2,No,Yes,688-206-1573,Richard Armstrong,268-320-4920,1995-03-04 00:00:00,414-38-6433,"091 Danielle Summit Suite 204, Ramosville, Florida","$20,700.00",Bachelor’s Degree / Certificate Programs Diploma,2-11 PM,4,9.96483735,21,5,16,Reporting,reports@cadex-solutions.com,2,Yes,No,No,English,No
129,129,Daniel Brown,Daniel.Brown@gmail.com,Brown.Daniel Brown@dandsltd.com,Back-End Developer,5/30/2015,,Contract,Contract to Permanent,T2,Yes,No,645-739-4907,Frances Stewart,357-263-8605,10/22/2001,204-94-1577,"503 Jensen Well, Swansonborough, South Dakota","$13,173.00",Bachelor’s Degree / Certificate Programs Diploma,9-5 PM,3,8.41573113,21,9,12,Information Technology,itsupport@dandsltd.com,2,No,Yes,Yes,English,No
130,130,Beth Ibarra,Beth.Ibarra@gmail.com,Ibarra.Beth Ibarra@dandsltd.com,Data Scientist,3/18/2019,,Contract,Fixed,T1,Yes,Yes,73-662-7602,Sarah Little,49-721-3060,2001-02-06 00:00:00,445-25-1442,"5774 Tammy Cape Suite 518, Jessicaport, Wisconsin","$28,777.00",Bachelor’s Degree / Certificate Programs Diploma,12-8 PM,3,9.73300491,21,13,8,Reporting,reports@cadex-solutions.com,1,Yes,No,Yes,English,No
131,131,Donna Rogers,Donna.Rogers@gmail.com,Rogers.Donna Rogers@dandsltd.com,Back-End Developer,6/20/2018,,Contract,Indefinite,T3,No,No,359-953-245,Michael Davila,462-570-7988,11/22/2001,790-18-1909,"91327 Anderson Parks, South Rachel, Hawaii","$26,396.00",Bachelor’s Degree / Certificate Programs Diploma,2-11 PM,5,8.00719269,21,20,1,Information Technology,itsupport@dandsltd.com,2,Yes,No,No,English,No
132,132,Barbara Hansen,Barbara.Hansen@gmail.com,Hansen.Barbara Hansen@dandsltd.com,Back-End Developer,8/22/2016,,Freelance,Fixed,T1,Yes,Yes,171-964-372,Scott Smith,179-986-4313,1996-08-02 00:00:00,252-79-4254,"5485 Ross Squares Suite 394, Gardnerfurt, Utah","$57,420.00",Bachelor’s Degree / Certificate Programs Diploma,12-8 PM,2,8.58261534,21,18,3,Information Technology,itsupport@dandsltd.com,3,No,No,No,English,No
133,133,Matthew Arnold,Matthew.Arnold@gmail.com,Arnold.Matthew Arnold@dandsltd.com,Full Stack Developer,10/25/2014,,Full Time,Contract to Permanent,T2,Yes,Yes,857-507-2355,Levi Johnson,823-760-1440,1/13/1998,147-67-1029,"965 Dillon Burgs Apt. 816, Landryhaven, Louisiana","$28,029.00",Bachelor’s Degree / Certificate Programs Diploma,9-5 PM,2,8.8703787,21,18,3,Information Technology,itsupport@dandsltd.com,3,Yes,Yes,Yes,English,No
134,134,Joshua Peterson,Joshua.Peterson@gmail.com,Peterson.Joshua Peterson@dandsltd.com,Data Scientist,2/22/2015,,Full Time,Indefinite,T2,Yes,No,49-835-7233,Darrell Moore,230-444-6114,1995-01-08 00:00:00,478-1-4308,"04581 Obrien Pine, Deannafurt, Ohio","$16,621.00",Bachelor’s Degree / Certificate Programs Diploma,12-8 PM,7,8.55526485,21,7,14,Reporting,reports@cadex-solutions.com,1,No,No,Yes,English,No
135,135,Sean Petty,Sean.Petty@gmail.com,Petty.Sean Petty@dandsltd.com,Full Stack Developer,6/13/2018,,Part Time,Contract to Permanent,T3,No,No,636-626-7088,Jessica Hooper,55-966-6752,1/20/2004,489-98-7652,"2108 Mejia Knolls, Hamiltonshire, West Virginia","$70,492.00",Bachelor’s Degree / Certificate Programs Diploma,9-5 PM,6,8.62265011,21,7,14,Information Technology,itsupport@dandsltd.com,1,No,No,No,English,No
136,136,Erin Wright,Erin.Wright@gmail.com,Wright.Erin Wright@dandsltd.com,Back-End Developer,2019-05-02 00:00:00,,Part Time,Fixed,T2,Yes,Yes,307-22-406,Michael Carpenter,27-463-2811,2000-05-06 00:00:00,233-75-3047,"5356 Roberta Way, West Denisefort, Nebraska","$52,458.00",Bachelor’s Degree / Certificate Programs Diploma,2-11 PM,0,7.97280231,21,14,7,Information Technology,itsupport@dandsltd.com,3,No,Yes,Yes,English,No
137,137,Andrew Oliver,Andrew.Oliver@gmail.com,Oliver.Andrew Oliver@dandsltd.com,Back-End Developer,2018-11-11 00:00:00,,Contract,Indefinite,T2,No,Yes,761-948-5249,Aaron Flores,915-651-5352,1/18/1996,537-43-8193,"293 Bryan Park, Amandashire, Kansas","$90,745.00",Bachelor’s Degree / Certificate Programs Diploma,2-11 PM,8,9.57216555,21,13,8,Information Technology,itsupport@dandsltd.com,1,No,Yes,No,English,No
138,138,Terri Smith,Terri.Smith@gmail.com,Smith.Terri Smith@dandsltd.com,DevOps Engineer,11/18/2017,,Full Time,Contract to Permanent,T3,No,Yes,809-133-4110,Danielle Brady,736-818-8356,1/21/1998,928-84-539,"2079 Heather Estate Suite 305, Barajasbury, California","$86,831.00",Bachelor’s Degree / Certificate Programs Diploma,9-5 PM,10,7.40292451,21,7,14,Information Technology,itsupport@dandsltd.com,2,Yes,Yes,Yes,English,No
139,139,Kayla Clark,Kayla.Clark@gmail.com,Clark.Kayla Clark@dandsltd.com,DevOps Engineer,4/13/2019,,Full Time,Indefinite,T2,No,Yes,387-916-526,Tanya Taylor,391-69-9480,2/20/2004,514-54-5046,"8957 Daniel Station, Port Ruth, Vermont","$64,801.00",Bachelor’s Degree / Certificate Programs Diploma,9-5 PM,5,7.56816619,21,15,6,Information Technology,itsupport@dandsltd.com,1,Yes,Yes,No,English,No
140,140,Nicholas Henderson,Nicholas.Henderson@gmail.com,Henderson.Nicholas Henderson@dandsltd.com,Back-End Developer,2015-11-12 00:00:00,,Full Time,Indefinite,T1,Yes,No,227-58-9507,Ruben Henson,720-176-5713,3/31/2004,922-94-4848,"2466 Kenneth Court, East Stephen, Colorado","$18,573.00",Bachelor’s Degree / Certificate Programs Diploma,12-8 PM,4,8.56982205,21,2,19,Information Technology,itsupport@dandsltd.com,1,Yes,No,Yes,English,No
141,141,Diana Delgado,Diana.Delgado@gmail.com,Delgado.Diana Delgado@dandsltd.com,Full Stack Developer,10/23/2016,,Full Time,Fixed,T2,No,No,754-527-3701,Priscilla Ramirez,528-271-9524,6/17/2001,286-47-5744,"2383 Anderson Grove Apt. 638, Wattsburgh, New Hampshire","$74,839.00",Bachelor’s Degree / Certificate Programs Diploma,2-11 PM,8,9.56349656,21,21,0,Information Technology,itsupport@dandsltd.com,2,No,Yes,Yes,English,No
142,142,Jason Gallegos,Jason.Gallegos@gmail.com,Gallegos.Jason Gallegos@dandsltd.com,DevOps Engineer,2014-04-11 00:00:00,,Full Time,Indefinite,T3,Yes,No,495-346-7946,Peter Hunter,184-162-6513,8/26/2004,752-72-4191,"3367 Davis Bypass, Blevinschester, California","$46,766.00",Bachelor’s Degree / Certificate Programs Diploma,12-8 PM,9,9.66523246,21,7,14,Information Technology,itsupport@dandsltd.com,3,Yes,No,Yes,English,No
143,143,Angie Rhodes,Angie.Rhodes@gmail.com,Rhodes.Angie Rhodes@dandsltd.com,Back-End Developer,2015-01-09 00:00:00,,Full Time,Fixed,T1,No,Yes,868-917-6552,Jessica Martinez,269-677-9750,1997-02-10 00:00:00,875-84-2107,"4906 Jarvis Locks Suite 898, Loweryborough, Pennsylvania","$17,631.00",Bachelor’s Degree / Certificate Programs Diploma,12-8 PM,9,9.21764785,21,20,1,Information Technology,itsupport@dandsltd.com,2,No,No,Yes,English,No
144,144,Anna Walters,Anna.Walters@gmail.com,Walters.Anna Walters@dandsltd.com,DevOps Engineer,7/21/2018,,Freelance,Contract to Permanent,T2,Yes,No,395-979-5251,Vincent Wilson,78-791-4159,2002-01-10 00:00:00,865-34-5879,"7262 Kimberly Estate Apt. 289, Port Joel, Maine","$92,969.00",Bachelor’s Degree / Certificate Programs Diploma,12-8 PM,8,9.91307514,21,20,1,Information Technology,itsupport@dandsltd.com,2,Yes,Yes,Yes,English,No
145,145,Sean Lee,Sean.Lee@gmail.com,Lee.Sean Lee@dandsltd.com,Data Scientist,2015-03-04 00:00:00,,Freelance,Indefinite,T2,No,Yes,494-108-2145,Shane Wolf,50-54-353,1996-11-07 00:00:00,610-76-1686,"761 Christina Overpass, Lake Kenneth, Alabama","$57,267.00",Bachelor’s Degree / Certificate Programs Diploma,12-8 PM,4,8.97715403,21,21,0,Reporting,reports@cadex-solutions.com,1,No,No,No,English,No
146,146,Tyler Ray,Tyler.Ray@gmail.com,Ray.Tyler Ray@dandsltd.com,Back-End Developer,4/14/2017,,Full Time,Fixed,T1,No,No,165-289-756,Joseph Stephens,732-388-4888,9/14/2000,728-26-1554,"305 Houston Light Apt. 378, West Anthony, Kansas","$72,240.00",Bachelor’s Degree / Certificate Programs Diploma,12-8 PM,2,9.84534715,21,5,16,Information Technology,itsupport@dandsltd.com,3,Yes,No,Yes,English,No
147,147,Kevin Rubio,Kevin.Rubio@gmail.com,Rubio.Kevin Rubio@dandsltd.com,Data Scientist,6/24/2016,,Full Time,Indefinite,T1,No,Yes,587-956-890,Jason Walker,851-665-1290,11/21/1996,810-98-8434,"90473 Norton Lights, New William, Arizona","$51,025.00",Bachelor’s Degree / Certificate Programs Diploma,2-11 PM,7,7.79016222,21,11,10,Reporting,reports@cadex-solutions.com,2,No,No,No,English,No
148,148,Brittany Deleon,Brittany.Deleon@gmail.com,Deleon.Brittany Deleon@dandsltd.com,Full Stack Developer,2014-05-12 00:00:00,,Part Time,Contract to Permanent,T1,No,No,440-172-5186,Brandon Ortiz,71-638-4678,1995-06-01 00:00:00,636-81-5970,"10161 Debra Mountains Apt. 975, Parkborough, Kansas","$69,333.00",Bachelor’s Degree / Certificate Programs Diploma,12-8 PM,9,9.52872699,21,7,14,Information Technology,itsupport@dandsltd.com,3,Yes,Yes,No,English,No
149,149,Travis Cruz,Travis.Cruz@gmail.com,Cruz.Travis Cruz@dandsltd.com,Data Scientist,4/30/2019,,Freelance,Indefinite,T1,Yes,No,887-310-5505,Jill Rodriguez,107-539-1482,2004-01-09 00:00:00,871-54-8304,"9905 Mccoy Parks Apt. 054, Wallaceburgh, Wyoming","$88,468.00",Bachelor’s Degree / Certificate Programs Diploma,2-11 PM,6,9.88799065,21,8,13,Reporting,reports@cadex-solutions.com,1,Yes,No,Yes,English,No
150,150,Ashley Morgan,Ashley.Morgan@gmail.com,Morgan.Ashley Morgan@dandsltd.com,Data Scientist,12/19/2015,,Full Time,Fixed,T1,No,Yes,864-394-9007,Sydney Lee,984-3-1574,1999-01-07 00:00:00,833-77-2446,"1989 Martinez Spurs Apt. 795, Lake Adamburgh, Missouri","$21,972.00",Bachelor’s Degree / Certificate Programs Diploma,9-5 PM,4,9.91816413,21,7,14,Reporting,reports@cadex-solutions.com,2,Yes,Yes,Yes,English,No
151,151,Jacob Singh,Jacob.Singh@gmail.com,Singh.Jacob Singh@dandsltd.com,Full Stack Developer,8/19/2016,,Full Time,Indefinite,T2,No,No,135-824-8877,Alex Mcdonald,723-460-1307,10/21/1998,692-4-1634,"024 Blanchard Glen Suite 493, Stephenland, Nevada","$86,790.00",Bachelor’s Degree / Certificate Programs Diploma,2-11 PM,5,8.58258476,21,14,7,Information Technology,itsupport@dandsltd.com,3,Yes,Yes,No,English,No
152,152,Chloe Wilson,Chloe.Wilson@gmail.com,Wilson.Chloe Wilson@dandsltd.com,Data Scientist,12/21/2014,,Part Time,Indefinite,T2,No,Yes,483-444-9560,Toni Chavez,139-999-9172,9/18/2001,677-58-431,"57736 James Village Apt. 841, North Monicatown, Virginia","$36,484.00",Bachelor’s Degree / Certificate Programs Diploma,12-8 PM,8,9.50435201,21,15,6,Reporting,reports@cadex-solutions.com,1,Yes,Yes,Yes,English,No
